{"loss": [4.676345348358154, 3.715451955795288, 2.9629852771759033, 2.3832802772521973, 2.016479730606079, 1.7406185865402222, 1.4398466348648071, 1.3321433067321777, 1.1887708902359009, 0.9992897510528564, 0.9439092874526978, 0.8869912028312683, 0.7822167277336121, 0.7227433919906616, 0.704528272151947, 0.617143988609314, 0.6274629235267639, 0.5312141180038452, 0.5432438850402832, 0.5044254660606384, 0.4651757776737213, 0.43491119146347046, 0.3982767164707184, 0.3598617613315582, 0.41825366020202637, 0.43464213609695435, 0.39764827489852905, 0.33791837096214294, 0.32842937111854553, 0.34417960047721863, 0.30156686902046204, 0.3063226640224457, 0.3205651044845581, 0.2782779932022095, 0.2716108560562134, 0.2606504559516907, 0.2513926923274994, 0.23855215311050415, 0.23484086990356445, 0.28755348920822144, 0.23336689174175262, 0.2480054646730423, 0.23699282109737396, 0.22104670107364655, 0.2502637207508087, 0.1974020004272461, 0.23680584132671356, 0.1846724897623062, 0.2064305692911148, 0.19658531248569489, 0.2302837371826172, 0.1896032840013504, 0.19175533950328827, 0.17564985156059265, 0.1986430585384369, 0.1837383657693863, 0.17608222365379333, 0.15778645873069763, 0.15967540442943573, 0.16560125350952148, 0.1717061847448349, 0.17641960084438324, 0.16404445469379425, 0.15283966064453125, 0.17482493817806244, 0.14439637959003448, 0.19961276650428772, 0.20528137683868408, 0.1780969798564911, 0.15250346064567566, 0.154464453458786, 0.13094079494476318, 0.13638044893741608, 0.13169971108436584, 0.13488754630088806, 0.15421989560127258, 0.1683342307806015, 0.12168305367231369, 0.15697745978832245, 0.18600089848041534, 0.09734656661748886, 0.17442446947097778, 0.12619909644126892, 0.13009069859981537, 0.15324410796165466, 0.13953274488449097, 0.11534261703491211, 0.16315235197544098, 0.14532168209552765, 0.12921302020549774, 0.13024964928627014, 0.1187877207994461, 0.16897638142108917, 0.1430450677871704, 0.1298416554927826, 0.1300611048936844, 0.13850459456443787, 0.12676340341567993, 0.11905485391616821, 0.13180620968341827], "accuracy": [0.03750000149011612, 0.12687499821186066, 0.22750000655651093, 0.32875001430511475, 0.4124999940395355, 0.4906249940395355, 0.5762500166893005, 0.5975000262260437, 0.6262500286102295, 0.6943749785423279, 0.7093750238418579, 0.7143750190734863, 0.7524999976158142, 0.7762500047683716, 0.7831249833106995, 0.8018749952316284, 0.8043749928474426, 0.8418750166893005, 0.8356249928474426, 0.8329113721847534, 0.856249988079071, 0.8568750023841858, 0.8668749928474426, 0.8812500238418579, 0.8687499761581421, 0.8743749856948853, 0.8756250143051147, 0.8837500214576721, 0.9018750190734863, 0.890625, 0.8962500095367432, 0.9006249904632568, 0.8968750238418579, 0.9043750166893005, 0.9112499952316284, 0.9137499928474426, 0.9193750023841858, 0.9243749976158142, 0.9243749976158142, 0.9106249809265137, 0.9318749904632568, 0.9231250286102295, 0.9212499856948853, 0.9262499809265137, 0.9231250286102295, 0.9362499713897705, 0.9293749928474426, 0.9449999928474426, 0.9393749833106995, 0.940625011920929, 0.9318749904632568, 0.9424999952316284, 0.9449999928474426, 0.9462500214576721, 0.9387500286102295, 0.9431250095367432, 0.9431250095367432, 0.9481250047683716, 0.9568750262260437, 0.953125, 0.953125, 0.9481250047683716, 0.9518749713897705, 0.953125, 0.9487500190734863, 0.9537500143051147, 0.9431250095367432, 0.9474999904632568, 0.9568750262260437, 0.9587500095367432, 0.9556249976158142, 0.9568750262260437, 0.9624999761581421, 0.9581249952316284, 0.9568750262260437, 0.9549999833106995, 0.953125, 0.9599999785423279, 0.9587500095367432, 0.9487500190734863, 0.9681249856948853, 0.9537500143051147, 0.9662500023841858, 0.965624988079071, 0.9568750262260437, 0.9662500023841858, 0.9587500095367432, 0.9556249976158142, 0.9649999737739563, 0.9568750262260437, 0.9631249904632568, 0.9649999737739563, 0.9593750238418579, 0.9524999856948853, 0.9664556980133057, 0.965624988079071, 0.9649999737739563, 0.9624999761581421, 0.9649999737739563, 0.9631249904632568], "val_loss": [4.122888088226318, 3.2028648853302, 2.4972214698791504, 1.6017323732376099, 1.651687741279602, 1.1179653406143188, 1.0756148099899292, 0.8463976383209229, 0.7084012031555176, 0.6338961124420166, 0.7500112652778625, 0.5893850922584534, 0.5796850919723511, 0.40853822231292725, 0.4812580943107605, 0.43354737758636475, 0.39164406061172485, 0.9279393553733826, 0.4369077980518341, 0.40338507294654846, 0.5860005617141724, 0.4368189871311188, 0.2924841642379761, 0.3043031394481659, 0.3544292449951172, 0.2573733627796173, 0.2599444091320038, 0.3001289367675781, 0.17379596829414368, 0.41599419713020325, 0.49866238236427307, 0.36971014738082886, 0.3656333088874817, 0.432096391916275, 0.2618909180164337, 0.33274173736572266, 0.26330384612083435, 0.7393693327903748, 0.26774588227272034, 0.1856568455696106, 0.26325535774230957, 0.2077413946390152, 0.5365670323371887, 0.189174085855484, 0.8018362522125244, 0.41385093331336975, 0.1468103528022766, 0.22389164566993713, 0.23482634127140045, 0.18253333866596222, 0.20352903008460999, 0.2115488201379776, 0.22708448767662048, 0.2630957365036011, 0.19247856736183167, 0.20064209401607513, 0.16774244606494904, 0.09284646809101105, 0.43801426887512207, 0.22229284048080444, 0.2526245415210724, 0.13656117022037506, 0.1320178359746933, 0.23226095736026764, 0.2556115984916687, 0.20416976511478424, 0.1726391464471817, 0.15431299805641174, 0.2785617709159851, 0.3996812701225281, 0.10397720336914062, 0.14586229622364044, 0.2279236614704132, 0.13460955023765564, 0.08365746587514877, 0.10455195605754852, 0.1252419650554657, 0.20286889374256134, 0.1820909082889557, 0.10787428915500641, 0.22415289282798767, 0.25924399495124817, 0.150541752576828, 0.4279434084892273, 0.14682191610336304, 0.12791390717029572, 0.2714464068412781, 0.2644011378288269, 0.17087343335151672, 0.12630853056907654, 0.1253986954689026, 0.35193923115730286, 0.17210958898067474, 0.32659077644348145, 0.18325860798358917, 0.41310375928878784, 0.09043969959020615, 0.11847764998674393, 0.2146577090024948, 0.1720638871192932],